Date,Close,Predictions
2018-06-21,258.20001220703125,276.5466
2018-06-22,262.1000061035156,275.3826
2018-06-25,264.5,274.11923
2018-06-26,267.3500061035156,273.06638
2018-06-27,265.6000061035156,272.45224
2018-06-28,263.95001220703125,272.0096
2018-06-29,269.3500061035156,271.58292
2018-07-02,264.45001220703125,271.64618
2018-07-03,281.0,271.58917
2018-07-04,277.29998779296875,272.83972
2018-07-05,271.25,274.44977
2018-07-06,266.29998779296875,275.69095
2018-07-09,275.25,276.222
2018-07-10,274.75,277.01474
2018-07-11,269.79998779296875,277.8301
2018-07-12,265.20001220703125,278.19763
2018-07-13,258.8999938964844,277.89868
2018-07-16,243.25,276.70157
2018-07-17,247.8999938964844,273.7719
2018-07-18,238.6499938964844,270.41028
2018-07-19,233.1000061035156,266.24847
2018-07-20,238.6000061035156,261.4832
2018-07-23,243.3000030517578,257.15704
2018-07-24,246.3000030517578,253.7902
2018-07-25,236.8999938964844,251.51424
2018-07-26,239.1000061035156,249.33516
2018-07-27,242.25,247.59496
2018-07-30,242.1999969482422,246.5056
2018-07-31,246.8999938964844,245.89656
2018-08-01,235.6499938964844,246.02138
2018-08-02,235.4499969482422,245.67764
2018-08-03,234.6499938964844,245.0884
2018-08-06,239.5,244.31873
2018-08-07,237.6000061035156,243.8867
2018-08-08,236.3500061035156,243.5332
2018-08-09,237.3000030517578,243.16638
2018-08-10,233.5500030517578,242.90086
2018-08-13,234.5500030517578,242.41385
2018-08-14,237.5500030517578,241.91714
2018-08-16,239.3500061035156,241.68907
2018-08-17,243.0,241.78508
2018-08-20,245.1499938964844,242.37137
2018-08-21,240.5500030517578,243.38899
2018-08-23,235.4499969482422,244.2266
2018-08-24,231.0,244.4906
2018-08-27,237.0500030517578,244.0253
2018-08-28,233.3500061035156,243.63202
2018-08-29,234.5500030517578,242.9917
2018-08-30,236.0,242.3557
2018-08-31,234.3000030517578,241.8828
2018-09-03,236.6999969482422,241.40771
2018-09-04,223.6999969482422,241.16747
2018-09-05,222.3999938964844,240.037
2018-09-06,221.0500030517578,238.3659
2018-09-07,222.9499969482422,236.36513
2018-09-10,222.0,234.45934
2018-09-11,216.0,232.67409
2018-09-12,222.6499938964844,230.62341
2018-09-14,233.9499969482422,229.10855
2018-09-17,236.6000061035156,228.93025
2018-09-18,235.0500030517578,229.79973
2018-09-19,234.8999938964844,231.14624
2018-09-21,234.6000061035156,232.6902
2018-09-24,233.3000030517578,234.21819
2018-09-25,236.1000061035156,235.51555
2018-09-26,234.25,236.79799
2018-09-27,233.25,237.81566
2018-09-28,233.75,238.51599
2018-10-01,230.8999938964844,239.00572
2018-10-03,227.6000061035156,239.09326
2018-10-04,218.1999969482422,238.66284
2018-10-05,209.1999969482422,237.18916
2018-10-08,215.1499938964844,234.47108
2018-10-09,216.5,231.66606
2018-10-10,228.3999938964844,229.09862
2018-10-11,224.6000061035156,227.8249
2018-10-12,229.1000061035156,227.13315
2018-10-15,234.8999938964844,227.24312
2018-10-16,235.4499969482422,228.3064
2018-10-17,231.1000061035156,229.9249
2018-10-19,227.1999969482422,231.42535
2018-10-22,223.25,232.43661
2018-10-23,218.3000030517578,232.7517
2018-10-24,219.8000030517578,232.21231
2018-10-25,222.1000061035156,231.30426
2018-10-26,217.6000061035156,230.40771
2018-10-29,220.0,229.22025
2018-10-30,227.3000030517578,228.14575
2018-10-31,217.8500061035156,227.79976
2018-11-01,217.75,227.16586
2018-11-02,217.6499938964844,226.42094
2018-11-05,219.8500061035156,225.64827
2018-11-06,213.8000030517578,225.0902
2018-11-07,215.1999969482422,224.21994
2018-11-09,209.5,223.34697
2018-11-12,214.6999969482422,222.07555
2018-11-13,219.9499969482422,221.07678
2018-11-14,217.3999938964844,220.72769
2018-11-15,221.4499969482422,220.60326
2018-11-16,221.8000030517578,220.96619
2018-11-19,224.1499938964844,221.6284
2018-11-20,215.9499969482422,222.62057
2018-11-21,219.0,223.08562
2018-11-22,215.8999938964844,223.44884
2018-11-26,217.6499938964844,223.45863
2018-11-27,217.75,223.39264
2018-11-28,216.0,223.28552
2018-11-29,218.75,223.02165
2018-11-30,218.6499938964844,222.90353
2018-12-03,214.75,222.87065
2018-12-04,209.5,222.58463
2018-12-05,211.6999969482422,221.75117
2018-12-06,208.1499938964844,220.8197
2018-12-07,206.5500030517578,219.60257
2018-12-10,198.1999969482422,218.17804
2018-12-11,202.8500061035156,216.06767
2018-12-12,212.9499969482422,214.06871
2018-12-13,212.3999938964844,213.07347
2018-12-14,212.3500061035156,212.72484
2018-12-17,210.0500030517578,212.81902
2018-12-18,210.1000061035156,213.00647
2018-12-19,210.1499938964844,213.24829
2018-12-20,210.1999969482422,213.50812
2018-12-21,215.3999938964844,213.76299
2018-12-24,219.0500030517578,214.40952
2018-12-26,218.5500030517578,215.53552
2018-12-27,220.0500030517578,216.83722
2018-12-28,220.8000030517578,218.27797
2018-12-31,219.3999938964844,219.75557
2019-01-01,219.1000061035156,221.03244
2019-01-02,214.6000061035156,222.06613
2019-01-03,210.0500030517578,222.50745
2019-01-04,213.8000030517578,222.18797
2019-01-07,214.9499969482422,221.71826
2019-01-08,215.1499938964844,221.26646
2019-01-09,212.6000061035156,220.87485
2019-01-10,214.1499938964844,220.34851
2019-01-11,211.8999938964844,219.90689
2019-01-14,213.5,219.36653
2019-01-15,214.3000030517578,218.93745
2019-01-16,216.4499969482422,218.6689
2019-01-17,218.1499938964844,218.69215
2019-01-18,216.25,219.02962
2019-01-21,210.5,219.38667
2019-01-22,212.1000061035156,219.27669
2019-01-23,210.6000061035156,219.01973
2019-01-24,210.8000030517578,218.56056
2019-01-25,207.0500030517578,218.02733
2019-01-28,209.25,217.18756
2019-01-29,204.8500061035156,216.40121
2019-01-30,204.5,215.35014
2019-01-31,203.8000030517578,214.19432
2019-02-01,204.1000061035156,213.00133
2019-02-04,199.8500061035156,211.89873
2019-02-05,185.9499969482422,210.59814
2019-02-06,188.4499969482422,208.18123
2019-02-07,191.1000061035156,205.46391
2019-02-08,185.6999969482422,202.95073
2019-02-11,179.75,200.32407
2019-02-12,186.5500030517578,197.36928
2019-02-14,188.8999938964844,194.96782
2019-02-15,186.1499938964844,193.26268
2019-02-18,182.75,191.91177
2019-02-19,184.5,190.62924
2019-02-20,188.6999969482422,189.62755
2019-02-21,190.6499938964844,189.20143
2019-02-22,189.25,189.31943
2019-02-25,191.1000061035156,189.66574
2019-02-26,191.6499938964844,190.28212
2019-02-27,192.6999969482422,191.06425
2019-02-28,193.6999969482422,191.97673
2019-03-01,197.3000030517578,192.98201
2019-03-05,197.5500030517578,194.25436
2019-03-06,197.9499969482422,195.61624
2019-03-07,196.6000061035156,196.9679
2019-03-08,193.1999969482422,198.10606
2019-03-11,202.5,198.75859
2019-03-12,204.8999938964844,199.79353
2019-03-13,202.8500061035156,201.1626
2019-03-14,206.1999969482422,202.48096
2019-03-15,203.1999969482422,203.9415
2019-03-18,200.25,205.13695
2019-03-19,203.3000030517578,205.84851
2019-03-20,198.1000061035156,206.4452
2019-03-22,195.75,206.5022
2019-03-25,196.6499938964844,206.03922
2019-03-26,196.0500030517578,205.35358
2019-03-27,196.6000061035156,204.52553
2019-03-28,198.9499969482422,203.71352
2019-04-01,208.1000061035156,203.1562
2019-04-02,211.8999938964844,203.52061
2019-04-03,208.3500061035156,204.72731
2019-04-04,211.3500061035156,206.09628
2019-04-05,211.3000030517578,207.71567
2019-04-08,211.6999969482422,209.3593
2019-04-09,210.25,210.92738
2019-04-10,208.8000030517578,212.21303
2019-04-11,214.6000061035156,213.11089
2019-04-12,215.1499938964844,214.15955
2019-04-15,216.6499938964844,215.25409
2019-04-16,215.6999969482422,216.41817
2019-04-18,208.8500061035156,217.46107
2019-04-22,209.3500061035156,217.80566
2019-04-23,209.6000061035156,217.73784
2019-04-24,208.8999938964844,217.4264
2019-04-25,211.1999969482422,216.92607
2019-04-26,213.1999969482422,216.52815
2019-04-30,209.1999969482422,216.37813
2019-05-02,206.3000030517578,216.07458
2019-05-03,204.0,215.47716
2019-05-06,202.6499938964844,214.5595
2019-05-07,199.75,213.40247
2019-05-08,199.4499969482422,211.9509
2019-05-09,198.6000061035156,210.40268
2019-05-10,198.5,208.8402
2019-05-13,199.8500061035156,207.37895
2019-05-14,200.25,206.19775
2019-05-15,199.25,205.31136
2019-05-16,220.8000030517578,204.5998
2019-05-17,235.3999938964844,205.76152
2019-05-20,235.8500061035156,209.14641
2019-05-21,232.5,213.71443
2019-05-22,234.0500030517578,218.43533
2019-05-23,230.3000030517578,223.03189
2019-05-24,234.8999938964844,226.89163
2019-05-27,233.3999938964844,230.37215
2019-05-28,237.3000030517578,233.21191
2019-05-29,234.3500061035156,235.75308
2019-05-30,236.8500061035156,237.66315
2019-05-31,244.0,239.24297
2019-06-03,244.9499969482422,241.06355
2019-06-04,253.4499969482422,242.95444
2019-06-06,252.5,245.43811
2019-06-07,257.0,248.00507
2019-06-10,252.6999969482422,250.80362
2019-06-11,255.3500061035156,253.16866
2019-06-12,255.1499938964844,255.31085
2019-06-13,253.8500061035156,257.1187
2019-06-14,247.0500030517578,258.4712
2019-06-17,245.6999969482422,258.88135
2019-06-18,247.8000030517578,258.57748
2019-06-19,245.3000030517578,258.01498
2019-06-20,255.8500061035156,257.11746
2019-06-21,261.79998779296875,256.94354
2019-06-24,259.95001220703125,257.68613
2019-06-25,259.1499938964844,258.78677
2019-06-26,272.6499938964844,259.9764
2019-06-27,273.79998779296875,262.23724
2019-06-28,269.70001220703125,265.04657
2019-07-01,271.54998779296875,267.65488
2019-07-02,271.79998779296875,270.1061
2019-07-03,271.6499938964844,272.28055
2019-07-04,269.6499938964844,274.1002
2019-07-05,266.6000061035156,275.39264
2019-07-08,263.54998779296875,276.0108
2019-07-09,263.54998779296875,275.91675
2019-07-10,251.6499938964844,275.39023
2019-07-11,255.9499969482422,273.65372
2019-07-12,257.95001220703125,271.68466
2019-07-15,254.3000030517578,269.85596
2019-07-16,259.54998779296875,267.94934
2019-07-17,257.0,266.5824
2019-07-18,255.1000061035156,265.42987
2019-07-19,248.8500061035156,264.35754
2019-07-22,251.6000061035156,262.91376
2019-07-23,250.3999938964844,261.58987
2019-07-24,249.8999938964844,260.32956
2019-07-25,251.6000061035156,259.1697
2019-07-26,258.3500061035156,258.30154
2019-07-29,256.0,258.22757
2019-07-30,249.6999969482422,258.44833
2019-07-31,251.6000061035156,258.3398
2019-08-01,258.75,258.20886
2019-08-02,265.6000061035156,258.64514
2019-08-05,260.8999938964844,259.9415
2019-08-06,270.54998779296875,261.28104
2019-08-07,269.3999938964844,263.35898
2019-08-08,270.8999938964844,265.6147
2019-08-09,265.5,267.94366
2019-08-13,263.6000061035156,269.69275
2019-08-14,267.0,270.80762
2019-08-16,266.8500061035156,271.71945
2019-08-19,268.20001220703125,272.4054
2019-08-20,265.8999938964844,273.00958
2019-08-21,261.45001220703125,273.32245
2019-08-22,258.70001220703125,273.07263
2019-08-23,265.95001220703125,272.27734
2019-08-26,269.04998779296875,271.79837
2019-08-27,266.3999938964844,271.77762
2019-08-28,280.04998779296875,271.8223
2019-08-29,274.54998779296875,273.0379
2019-08-30,278.5,274.39352
2019-09-03,271.20001220703125,276.08826
2019-09-04,267.0,277.24857
2019-09-05,264.45001220703125,277.6681
2019-09-06,262.75,277.39084
2019-09-09,263.79998779296875,276.56192
2019-09-11,259.3500061035156,275.53842
2019-09-12,262.29998779296875,274.10025
2019-09-13,259.0,272.76987
2019-09-16,257.5,271.32474
2019-09-17,256.25,269.80878
2019-09-18,259.75,268.26538
2019-09-19,254.4499969482422,267.11072
2019-09-20,267.3500061035156,265.84225
2019-09-23,273.6499938964844,265.67355
2019-09-24,275.0,266.6779
2019-09-25,279.45001220703125,268.44318
2019-09-26,279.8999938964844,270.92197
2019-09-27,281.95001220703125,273.6842
2019-09-30,276.0,276.58383
2019-10-01,270.6499938964844,278.84973
2019-10-03,272.75,280.12704
2019-10-04,266.20001220703125,280.8746
2019-10-07,265.70001220703125,280.6792
2019-10-09,269.95001220703125,279.89154
2019-10-10,266.6499938964844,279.1377
2019-10-11,272.04998779296875,278.1732
2019-10-14,275.75,277.60864
2019-10-15,277.75,277.61972
2019-10-16,275.54998779296875,278.14532
2019-10-17,279.45001220703125,278.76904
2019-10-18,282.0,279.7378
2019-10-22,281.75,281.042
2019-10-23,278.8500061035156,282.428
2019-10-24,281.1000061035156,283.5229
2019-10-25,279.6000061035156,284.5478
2019-10-27,279.8500061035156,285.31442
2019-10-29,283.3999938964844,285.88724
2019-10-30,291.75,286.58496
2019-10-31,317.0,287.98196
2019-11-01,304.95001220703125,291.7707
2019-11-04,306.6000061035156,295.67215
2019-11-05,300.5,299.55106
2019-11-06,299.8999938964844,302.59525
2019-11-07,300.8500061035156,304.85495
2019-11-08,295.20001220703125,306.52283
2019-11-11,294.95001220703125,307.21307
2019-11-13,289.5,307.24203
2019-11-14,295.5,306.39822
2019-11-15,297.75,305.59256
2019-11-18,305.29998779296875,305.0257
2019-11-19,302.5,305.27026
2019-11-20,306.79998779296875,305.73953
2019-11-21,301.79998779296875,306.68887
2019-11-22,299.6000061035156,307.42868
2019-11-25,302.1499938964844,307.82178
2019-11-26,299.5,308.1851
2019-11-27,307.3500061035156,308.26584
2019-11-28,318.70001220703125,308.82837
2019-11-29,323.1499938964844,310.55533
2019-12-02,316.79998779296875,313.20203
2019-12-03,314.3999938964844,315.67847
2019-12-04,318.8999938964844,317.69147
2019-12-05,315.6000061035156,319.64108
2019-12-06,313.75,321.0975
2019-12-09,315.45001220703125,321.99557
2019-12-10,312.8500061035156,322.6235
2019-12-11,314.3500061035156,322.80542
2019-12-12,323.54998779296875,322.83252
2019-12-13,328.04998779296875,323.5179
2019-12-16,322.25,324.89136
2019-12-17,325.1499938964844,326.08704
2019-12-18,312.3500061035156,327.3547
2019-12-19,313.95001220703125,327.48007
2019-12-20,312.6499938964844,327.08145
2019-12-23,314.8999938964844,326.25906
2019-12-24,315.3500061035156,325.42715
2019-12-26,312.8999938964844,324.6779
2019-12-27,318.45001220703125,323.8331
2019-12-30,321.3999938964844,323.46954
2019-12-31,321.3500061035156,323.6516
2020-01-01,323.8500061035156,324.14542
2020-01-02,323.3500061035156,325.0081
2020-01-03,318.20001220703125,325.98074
2020-01-06,312.1000061035156,326.52066
2020-01-07,314.8999938964844,326.2655
2020-01-08,316.25,325.79413
2020-01-09,328.54998779296875,325.31662
2020-01-10,341.3500061035156,325.89236
2020-01-13,352.95001220703125,328.0922
2020-01-14,389.6000061035156,332.05438
2020-01-15,391.4500122070313,339.84503
2020-01-16,384.25,349.38507
2020-01-17,380.2999877929688,358.6576
2020-01-20,383.1499938964844,366.7327
2020-01-21,385.7999877929688,373.6762
2020-01-22,385.0499877929688,379.56143
2020-01-23,393.25,384.23755
2020-01-24,384.6000061035156,388.48938
2020-01-27,382.3999938964844,391.34924
2020-01-28,380.7000122070313,392.99408
2020-01-29,383.4500122070313,393.619
2020-01-30,381.6000061035156,393.79837
2020-01-31,383.3999938964844,393.50504
2020-02-03,378.8500061035156,393.10242
2020-02-04,379.8999938964844,392.26205
2020-02-05,394.6000061035156,391.33282
2020-02-06,392.0499877929688,391.6473
2020-02-07,396.7000122070313,392.38995
2020-02-10,392.2999877929688,393.75613
2020-02-11,390.6000061035156,394.99652
2020-02-12,395.1499938964844,395.94876
2020-02-13,392.5499877929688,397.03967
2020-02-14,396.8999938964844,397.87643
2020-02-17,381.0499877929688,398.87643
2020-02-18,382.0,398.5298
2020-02-19,383.1499938964844,397.5703
2020-02-20,380.5,396.38773
2020-02-24,369.1000061035156,394.92645
2020-02-25,369.0,392.46652
2020-02-26,365.6499938964844,389.64886
2020-02-27,363.2999877929688,386.54144
2020-02-28,346.1499938964844,383.31995
2020-03-02,338.79998779296875,378.8535
2020-03-03,355.29998779296875,373.45627
2020-03-04,349.20001220703125,369.31555
2020-03-05,348.5,365.65793
2020-03-06,344.5,362.5758
2020-03-09,330.1000061035156,359.76337
2020-03-11,327.8500061035156,356.159
2020-03-12,303.45001220703125,352.23773
2020-03-13,324.25,346.39413
2020-03-16,300.29998779296875,341.66898
2020-03-17,283.8500061035156,335.8856
2020-03-18,267.45001220703125,328.66635
2020-03-19,250.75,319.82797
2020-03-20,264.20001220703125,309.35187
2020-03-23,226.5,299.8092
2020-03-24,249.0500030517578,288.4334
2020-03-25,277.1499938964844,278.7614
2020-03-26,279.04998779296875,273.05722
2020-03-27,284.75,270.35645
2020-03-30,281.3999938964844,270.24948
2020-03-31,294.8500061035156,271.5085
2020-04-01,280.0,274.66058
2020-04-03,267.1499938964844,277.49362
2020-04-07,284.54998779296875,278.91888
2020-04-08,294.3999938964844,280.8254
2020-04-09,309.04998779296875,283.6246
2020-04-13,305.04998779296875,287.95737
2020-04-15,315.6499938964844,292.54434
2020-04-16,324.04998779296875,297.84995
2020-04-17,324.5,303.85107
2020-04-20,324.70001220703125,309.8278
2020-04-21,312.3999938964844,315.343
2020-04-22,330.1499938964844,319.10764
2020-04-23,329.95001220703125,323.0269
2020-04-24,326.1000061035156,326.6185
2020-04-27,349.3500061035156,329.4098
2020-04-28,342.8999938964844,333.45233
2020-04-29,354.0,337.28934
2020-04-30,351.6000061035156,341.6764
2020-05-04,334.95001220703125,345.79355
2020-05-05,329.5,348.03238
2020-05-06,335.54998779296875,348.55853
2020-05-07,341.29998779296875,348.49884
2020-05-08,348.75,348.5138
2020-05-11,355.0,349.16513
2020-05-12,358.70001220703125,350.64682
2020-05-13,356.3500061035156,352.8097
2020-05-14,362.7999877929688,355.01126
2020-05-15,352.20001220703125,357.62167
2020-05-18,347.1000061035156,359.3465
2020-05-19,358.04998779296875,360.02026
2020-05-20,360.75,360.93045
2020-05-21,360.2999877929688,362.07028
2020-05-22,362.4500122070313,363.2138
2020-05-26,371.9500122070313,364.45645
2020-05-27,368.5499877929688,366.44977
2020-05-28,371.1499938964844,368.40826
2020-05-29,366.8999938964844,370.43637
2020-06-01,362.8500061035156,371.97122
2020-06-02,367.4500122070313,372.764
2020-06-03,366.6499938964844,373.44257
2020-06-04,381.5,373.8954
2020-06-05,379.75,375.4295
2020-06-08,379.4500122070313,377.27188
2020-06-09,384.25,379.15475
2020-06-10,384.6499938964844,381.32138
2020-06-11,375.7999877929688,383.49362
2020-06-12,371.0,384.74896
2020-06-15,370.0,384.99002
2020-06-16,369.0499877929688,384.5239
2020-06-17,369.6000061035156,383.5761
2020-06-18,372.1499938964844,382.45322
2020-06-19,377.2999877929688,381.51892
2020-06-22,381.1000061035156,381.19144
2020-06-23,390.8500061035156,381.55444
2020-06-24,383.1000061035156,383.11835
2020-06-25,384.0,384.58978
2020-06-26,385.6499938964844,386.02094
2020-06-29,386.5499877929688,387.4435
2020-06-30,387.4500122070313,388.81186
2020-07-01,384.5,390.10855
2020-07-02,390.7999877929688,391.0039
2020-07-03,396.4500122070313,392.13147
2020-07-06,405.7000122070313,393.74576
2020-07-07,412.7000122070313,396.2791
2020-07-08,432.3999938964844,399.71216
2020-07-09,433.3500061035156,405.05118
2020-07-10,430.1000061035156,411.0854
2020-07-13,424.4500122070313,416.78967
2020-07-14,419.3500061035156,421.3769
2020-07-15,413.0499877929688,424.51373
2020-07-16,410.2999877929688,426.0061
2020-07-17,423.0,426.17606
2020-07-20,423.1000061035156,426.60236
2020-07-21,409.4500122070313,427.05774
2020-07-22,407.0,426.3465
2020-07-23,404.3999938964844,424.87067
2020-07-24,408.4500122070313,422.82922
2020-07-27,408.4500122070313,420.9538
2020-07-28,413.0499877929688,419.29367
2020-07-29,427.7000122070313,418.28552
2020-07-30,424.8999938964844,418.96057
2020-07-31,428.0499877929688,420.2792
2020-08-03,434.1000061035156,422.18564
2020-08-04,449.75,424.79028
2020-08-05,447.6000061035156,428.89334
2020-08-06,484.75,433.29077
2020-08-07,518.5999755859375,440.6755
2020-08-10,520.2999877929688,451.85452
2020-08-11,515.9000244140625,464.30762
2020-08-12,517.5499877929688,476.1213
2020-08-13,539.0499877929688,486.73193
2020-08-14,537.5,497.50183
2020-08-17,543.75,507.12894
2020-08-18,545.75,515.79553
2020-08-19,548.2000122070312,523.2579
2020-08-20,549.25,529.55005
2020-08-21,545.7999877929688,534.6695
2020-08-24,545.5499877929688,538.35614
2020-08-25,545.5499877929688,540.8829
2020-08-26,549.1500244140625,542.49567
2020-08-27,544.6500244140625,543.7118
2020-08-28,547.0499877929688,544.17365
2020-08-31,532.3499755859375,544.3805
2020-09-01,548.5,543.177
2020-09-02,549.8499755859375,542.6926
2020-09-03,578.5,542.6147
2020-09-04,569.0499877929688,545.1217
2020-09-07,545.2999877929688,547.9103
2020-09-08,538.3499755859375,548.80206
2020-09-09,534.75,548.158
2020-09-10,546.5499877929688,546.40753
2020-09-11,548.4000244140625,545.1268
2020-09-14,546.5,544.25903
2020-09-15,542.3499755859375,543.5405
2020-09-16,542.4000244140625,542.6532
2020-09-17,548.2999877929688,541.7833
2020-09-18,540.5999755859375,541.47644
2020-09-21,507.75,540.8436
2020-09-22,504.3999938964844,537.4517
2020-09-23,493.5499877929688,532.72
2020-09-24,488.6499938964844,526.67865
2020-09-25,509.7999877929688,520.01654
2020-09-28,517.0,515.291
2020-09-29,503.25,512.5109
2020-09-30,499.9500122070313,509.94504
2020-10-01,509.1000061035156,507.58386
2020-10-05,503.5499877929688,506.32623
2020-10-06,505.6000061035156,505.2964
2020-10-07,505.0499877929688,504.71735
2020-10-08,488.25,504.39755
2020-10-09,471.25,502.8764
2020-10-12,474.7000122070313,499.49484
2020-10-13,468.9500122070313,495.689
2020-10-14,489.7999877929688,491.4082
2020-10-15,474.1000061035156,488.965
2020-10-16,477.1000061035156,486.34497
2020-10-19,475.8500061035156,484.22903
2020-10-20,477.8999938964844,482.4585
2020-10-21,465.2999877929688,481.22482
2020-10-22,466.2000122070313,479.35034
2020-10-23,472.7999877929688,477.4233
2020-10-26,476.9500122070313,476.1579
2020-10-27,498.75,475.68872
2020-10-28,492.8500061035156,477.53558
2020-10-29,492.0,479.97067
2020-10-30,492.8500061035156,482.55978
2020-11-02,493.75,485.11273
2020-11-03,489.5,487.5033
2020-11-04,492.75,489.23758
2020-11-05,506.4500122070313,490.74158
2020-11-06,504.2000122070313,493.09406
2020-11-09,509.8500061035156,495.45865
2020-11-10,498.3999938964844,498.13437
2020-11-11,503.4500122070313,499.7744
2020-11-12,508.75,501.17902
2020-11-13,513.25,502.7136
2020-11-14,516.1500244140625,504.5248
2020-11-17,518.2999877929688,506.5552
2020-11-18,516.9000244140625,508.70447
2020-11-19,515.5999755859375,510.6131
2020-11-20,519.0499877929688,512.12445
2020-11-23,521.6500244140625,513.5675
2020-11-24,526.8499755859375,515.0306
2020-11-25,514.7999877929688,516.7909
2020-11-26,519.8499755859375,517.53864
2020-11-27,538.0,518.1479
2020-12-01,529.2999877929688,520.0697
2020-12-02,539.25,521.73114
2020-12-03,550.4000244140625,524.01245
2020-12-04,563.5,527.3011
2020-12-07,567.8499755859375,531.8964
2020-12-08,562.75,537.12805
2020-12-09,565.5,541.8484
2020-12-10,579.9000244140625,546.1473
2020-12-11,576.4000244140625,550.98114
2020-12-14,577.0,555.29565
2020-12-15,571.2999877929688,559.02734
2020-12-16,583.5999755859375,561.6278
2020-12-17,577.2999877929688,564.39185
2020-12-18,573.5499877929688,566.3767
2020-12-21,562.75,567.4941
2020-12-22,576.0,567.16
2020-12-23,605.2999877929688,567.1673
2020-12-24,601.0,569.599
2020-12-28,602.4500122070312,572.61743
2020-12-29,598.5999755859375,575.90686
2020-12-30,594.3499755859375,578.7589
2020-12-31,589.9000244140625,580.8114
2021-01-01,601.5,581.9024
2021-01-04,604.0,583.3064
2021-01-05,609.5499877929688,584.84955
2021-01-06,604.9500122070312,586.7659
2021-01-07,600.8499755859375,588.317
2021-01-08,609.5499877929688,589.24536
2021-01-11,629.0,590.465
2021-01-12,624.2999877929688,593.20905
2021-01-13,620.4000244140625,596.03973
2021-01-14,614.0,598.4334
2021-01-15,602.4000244140625,599.9039
2021-01-18,584.75,599.8509
2021-01-19,582.7000122070312,597.6164
2021-01-20,596.6500244140625,594.2903
2021-01-21,595.25,591.7068
2021-01-22,584.75,589.5029
2021-01-25,573.5999755859375,586.8835
2021-01-27,572.6500244140625,583.45123
2021-01-28,564.5999755859375,579.85205
2021-01-29,559.7999877929688,575.79987
2021-02-01,584.1500244140625,571.50006
2021-02-02,575.3499755859375,569.4129
2021-02-03,580.1500244140625,567.8549
2021-02-04,588.0499877929688,567.2345
2021-02-05,592.5,567.81995
2021-02-08,597.0999755859375,569.3608
2021-02-09,598.7000122070312,571.6769
2021-02-10,600.75,574.3504
2021-02-11,610.3499755859375,577.16797
2021-02-12,607.5,580.5895
2021-02-15,623.0999755859375,583.7551
2021-02-16,628.3499755859375,587.7875
2021-02-17,632.1500244140625,592.245
2021-02-18,624.0,596.82764
2021-02-19,616.9500122070312,600.4113
2021-02-22,618.2999877929688,602.6355
2021-02-23,627.5,604.0509
2021-02-24,625.9500122070312,605.57605
2021-02-25,628.5,606.80756
2021-02-26,609.1500244140625,607.9811
2021-03-01,624.5499877929688,607.46027
2021-03-02,632.3499755859375,607.4133
2021-03-03,636.9000244140625,608.0832
2021-03-04,631.0999755859375,609.39185
2021-03-05,622.6500244140625,610.463
2021-03-08,616.0499877929688,610.7054
2021-03-09,611.7000122070312,610.0096
2021-03-10,620.9500122070312,608.5402
2021-03-12,615.25,607.50726
2021-03-15,607.6500244140625,606.2577
2021-03-16,610.6500244140625,604.446
2021-03-17,603.3499755859375,602.7706
2021-03-18,594.9000244140625,600.69684
2021-03-19,600.25,597.9647
2021-03-22,620.5499877929688,595.58075
2021-03-23,634.0999755859375,595.1516
2021-03-24,629.0999755859375,596.7764
2021-03-25,614.8499755859375,598.9497
2021-03-26,628.2999877929688,600.2029
2021-03-30,628.9000244140625,602.03516
2021-03-31,638.9000244140625,603.95233
2021-04-01,650.1500244140625,606.5467
2021-04-05,644.9500122070312,610.10175
2021-04-06,674.5499877929688,613.3928
2021-04-07,665.75,618.6354
2021-04-08,670.7000122070312,623.55493
2021-04-09,679.7999877929688,628.36005
2021-04-12,655.5999755859375,633.33875
2021-04-13,663.9500122070312,636.0147
2021-04-15,659.2999877929688,638.04755
2021-04-16,671.2999877929688,639.0649
2021-04-19,664.0999755859375,640.37744
2021-04-20,680.0999755859375,641.0498
2021-04-22,665.5,642.60803
2021-04-23,664.5999755859375,643.2365
2021-04-26,670.2000122070312,643.3718
2021-04-27,673.7000122070312,643.64307
2021-04-28,677.1500244140625,644.1692
2021-04-29,671.8499755859375,645.0233
2021-04-30,669.5,645.5502
2021-05-03,677.0999755859375,645.72424
2021-05-04,645.25,646.2866
2021-05-05,649.0499877929688,644.48676
2021-05-06,653.0999755859375,642.1179
2021-05-07,629.0,639.8643
2021-05-10,633.1500244140625,635.94183
2021-05-11,641.5999755859375,631.95703
2021-05-12,640.0499877929688,628.85925
2021-05-14,645.1500244140625,626.3175
2021-05-17,653.2999877929688,624.7335
2021-05-18,653.0,624.4274
2021-05-19,653.2000122070312,624.79016
2021-05-20,644.9000244140625,625.54407
2021-05-21,649.7000122070312,625.8224
2021-05-24,640.0999755859375,626.2704
2021-05-25,649.9500122070312,625.9779
2021-05-26,641.9000244140625,626.15295
2021-05-27,648.5499877929688,625.8472
2021-05-28,654.9500122070312,625.8969
2021-05-31,663.8499755859375,626.5739
2021-06-01,665.7999877929688,628.18445
2021-06-02,673.5499877929688,630.2622
2021-06-03,680.0,633.0232
2021-06-04,686.9500122070312,636.36383
2021-06-07,699.9500122070312,640.2252
2021-06-08,710.4500122070312,644.98285
2021-06-09,702.8499755859375,650.50836
2021-06-10,707.7000122070312,655.3078
2021-06-11,715.4000244140625,659.73785
2021-06-14,714.75,664.09753
2021-06-15,719.5,667.8997
2021-06-16,735.9000244140625,671.41895
2021-06-17,745.0,675.6412
2021-06-18,739.7999877929688,680.3816
2021-06-21,742.5499877929688,684.51715
2021-06-22,756.7000122070312,688.219
2021-06-23,757.8499755859375,692.3592
2021-06-24,757.4500122070312,696.30035
2021-06-25,757.5999755859375,699.74524
2021-06-28,765.6500244140625,702.6257
2021-06-29,758.0499877929688,705.5159
2021-06-30,754.4000244140625,707.5084
2021-07-01,756.0499877929688,708.6455
2021-07-02,763.5999755859375,709.35583
2021-07-05,766.2999877929688,710.2791
2021-07-06,762.5999755859375,711.341
2021-07-07,763.0499877929688,712.0899
2021-07-08,763.2999877929688,712.67444
2021-07-09,765.9500122070312,713.1253
2021-07-12,775.9000244140625,713.6465
2021-07-13,772.8499755859375,714.8444
2021-07-14,768.2000122070312,715.9836
2021-07-15,772.3499755859375,716.7004
2021-07-16,763.0,717.47186
2021-07-19,765.5499877929688,717.4848
2021-07-20,757.0999755859375,717.36176
2021-07-22,764.2000122070312,716.52856
2021-07-23,775.1500244140625,715.9711
2021-07-26,776.3499755859375,716.3116
2021-07-27,769.75,717.08563
2021-07-28,754.9000244140625,717.55945
2021-07-29,751.2000122070312,716.8428
2021-07-30,756.25,715.4227
2021-08-02,759.5499877929688,714.11993
2021-08-03,767.6500244140625,713.16095
2021-08-04,758.75,713.0207
2021-08-05,768.3499755859375,712.62213
2021-08-06,781.3499755859375,712.9158
2021-08-09,764.8499755859375,714.3966
2021-08-10,771.9000244140625,715.0883
2021-08-11,765.0,715.9896
2021-08-12,774.25,716.3519
2021-08-13,807.4500122070312,717.12427
2021-08-16,802.1500244140625,720.317
2021-08-17,832.7999877929688,723.8236
2021-08-18,841.4000244140625,729.4413
2021-08-20,847.2999877929688,735.98175
2021-08-23,832.5,742.7726
2021-08-24,836.9000244140625,748.02325
2021-08-25,836.0,752.44727
2021-08-26,853.2999877929688,755.9027
2021-08-27,847.9500122070312,759.6979
2021-08-30,860.5,762.76447
2021-08-31,864.9500122070312,766.0715
2021-09-01,867.4500122070312,769.36017
2021-09-02,871.4500122070312,772.4608
2021-09-03,869.8499755859375,775.42145
2021-09-06,870.0499877929688,777.8884
2021-09-07,868.2999877929688,779.8991
2021-09-08,879.7999877929688,781.36084
2021-09-09,875.5999755859375,783.16705
2021-09-13,882.0999755859375,784.5792
2021-09-14,881.2999877929688,786.1305
2021-09-15,871.5499877929688,787.48755
2021-09-16,874.0,787.9909
2021-09-17,874.1500244140625,788.2611
2021-09-20,857.0,788.35034
2021-09-21,858.9000244140625,787.1981
2021-09-22,854.1500244140625,785.7925
2021-09-23,850.6500244140625,784.0151
2021-09-24,836.75,781.9996
2021-09-27,835.0499877929688,779.1343
2021-09-28,822.7000122070312,776.0892
2021-09-29,823.4500122070312,772.3791
2021-09-30,813.5999755859375,768.8018
2021-10-01,801.25,764.9108
2021-10-04,814.2999877929688,760.44196
2021-10-05,801.4500122070312,757.06024
2021-10-06,820.6500244140625,753.52106
2021-10-07,824.5499877929688,751.67377
2021-10-08,818.75,750.96954
2021-10-11,816.25,750.5334
2021-10-12,816.1500244140625,750.20074
2021-10-13,848.1500244140625,749.9868
2021-10-14,849.5999755859375,752.0584
2021-10-18,843.9500122070312,754.9377
2021-10-19,843.2999877929688,757.6329
2021-10-20,826.9500122070312,760.0338
2021-10-21,814.7999877929688,760.9677
2021-10-22,795.25,760.3791
2021-10-25,788.9500122070312,757.791
2021-10-26,808.9000244140625,754.08514
2021-10-27,818.75,751.48785
2021-10-28,809.7000122070312,750.1459
2021-10-29,809.5,748.87946
2021-11-01,824.9000244140625,747.8713
2021-11-02,833.7999877929688,748.16345
2021-11-03,826.9000244140625,749.585
2021-11-04,827.4000244140625,750.9438
2021-11-08,836.3499755859375,752.28345
2021-11-09,835.6500244140625,754.10864
2021-11-10,842.4000244140625,755.89105
2021-11-11,837.6500244140625,757.96906
2021-11-12,847.9000244140625,759.62915
2021-11-15,852.5499877929688,761.6702
2021-11-16,833.4000244140625,763.93304
2021-11-17,836.4000244140625,764.77515
2021-11-18,832.0499877929688,765.19824
2021-11-22,812.75,765.0106
2021-11-23,820.9500122070312,763.2333
2021-11-24,798.9500122070312,761.5063
2021-11-25,807.7999877929688,758.32935
2021-11-26,766.7000122070312,755.4743
2021-11-29,766.0,750.07196
2021-11-30,778.5999755859375,744.12225
2021-12-01,772.7999877929688,739.2147
2021-12-02,773.25,734.7225
2021-12-03,774.2999877929688,730.94415
2021-12-06,747.5999755859375,727.95984
2021-12-07,760.7000122070312,723.7695
2021-12-08,772.1500244140625,720.50653
2021-12-09,777.5,718.69806
2021-12-10,769.6500244140625,718.11896
2021-12-13,754.0999755859375,717.67804
2021-12-14,739.5,716.3492
2021-12-15,746.2999877929688,713.7699
2021-12-16,740.25,711.35376
2021-12-17,726.3499755859375,708.7019
2021-12-20,709.5499877929688,705.1971
2021-12-21,705.7000122070312,700.43024
2021-12-22,714.9500122070312,695.2373
2021-12-23,726.75,690.93774
2021-12-24,718.9500122070312,688.2623
2021-12-27,718.5,686.0357
2021-12-28,726.9500122070312,684.32654
2021-12-29,726.6500244140625,683.69824
2021-12-30,728.0,683.62933
2021-12-31,743.4500122070312,684.00195
2022-01-03,748.0,685.73157
2022-01-04,738.8499755859375,688.2516
2022-01-05,733.5999755859375,690.2935
2022-01-06,725.4500122070312,691.62054
2022-01-07,736.0999755859375,691.88885
2022-01-10,731.9000244140625,692.4045
2022-01-11,738.6500244140625,692.57434
2022-01-12,736.0999755859375,693.07776
2022-01-13,730.2000122070312,693.45996
2022-01-14,762.5,693.3379
2022-01-17,765.0999755859375,695.3767
2022-01-18,731.4500122070312,698.2748
2022-01-19,717.6500244140625,698.93835
2022-01-20,723.4500122070312,697.67206
2022-01-21,726.5499877929688,695.9828
2022-01-24,691.4500122070312,694.3293
2022-01-25,707.75,690.19476
2022-01-27,705.9500122070312,686.596
2022-01-28,717.9000244140625,683.2543
2022-01-31,727.2999877929688,681.244
2022-02-01,736.0999755859375,680.7304
2022-02-02,742.4500122070312,681.67395
2022-02-03,738.0999755859375,683.7546
2022-02-04,733.7999877929688,685.9267
2022-02-07,704.7999877929688,687.7115
2022-02-08,697.0999755859375,687.03394
2022-02-09,700.2000122070312,684.7691
2022-02-10,706.7000122070312,682.0817
2022-02-11,701.0,679.80347
2022-02-14,694.2999877929688,677.44147
2022-02-15,702.0,674.79364
2022-02-16,701.0,672.8558
2022-02-17,720.3499755859375,671.3215
2022-02-18,717.5,671.61615
2022-02-21,713.2000122070312,672.50714
2022-02-22,715.2000122070312,673.3914
2022-02-23,723.25,674.40576
2022-02-24,677.7000122070312,675.98926
2022-02-25,709.5,674.26447
2022-02-28,718.5999755859375,673.7005
2022-03-02,711.0,674.1409
2022-03-03,687.0499877929688,674.4491
2022-03-04,669.9500122070312,672.9585
2022-03-07,659.8499755859375,669.5451
2022-03-08,683.7000122070312,664.7171
2022-03-09,699.1500244140625,661.368
2022-03-10,724.2000122070312,660.03503
2022-03-11,716.4500122070312,661.70715
2022-03-14,722.25,664.1185
2022-03-15,748.5999755859375,667.2986
2022-03-16,747.8499755859375,672.56335
2022-03-17,772.2999877929688,678.20966
2022-03-21,747.7999877929688,685.41095
2022-03-22,752.9000244140625,690.7858
2022-03-23,748.7999877929688,695.3318
2022-03-24,740.5,698.6479
2022-03-25,733.3499755859375,700.4147
2022-03-28,741.25,700.71625
2022-03-29,743.2000122070312,700.8058
2022-03-30,765.8499755859375,700.7978
2022-03-31,777.4000244140625,702.3554
2022-04-01,789.7999877929688,705.23315
2022-04-04,788.0999755859375,709.3745
2022-04-05,806.6500244140625,713.60944
2022-04-06,809.25,718.88293
2022-04-07,804.9000244140625,724.24084
2022-04-08,817.7000122070312,728.8447
2022-04-11,821.5,733.58014
2022-04-12,812.0999755859375,738.0798
2022-04-13,817.5999755859375,741.35297
2022-04-18,822.2999877929688,744.15405
2022-04-19,791.3499755859375,746.6969
2022-04-20,810.4500122070312,746.6653
2022-04-21,820.0499877929688,746.8976
2022-04-22,815.5999755859375,747.6635
2022-04-25,792.75,748.2273
2022-04-26,822.0499877929688,747.10345
2022-04-27,798.5999755859375,747.43915
2022-04-28,811.6500244140625,746.5627
2022-04-29,823.75,746.2781
2022-05-02,824.4000244140625,747.02075
2022-05-04,803.2999877929688,748.17053
2022-05-05,776.3499755859375,747.993
2022-05-06,764.9500122070312,745.4795
2022-05-09,758.25,741.3825
2022-05-10,745.7999877929688,736.36847
2022-05-11,744.0999755859375,730.4187
2022-05-12,738.0499877929688,724.43445
2022-05-13,737.5999755859375,718.4901
2022-05-16,735.5,713.0884
2022-05-17,734.25,708.29205
2022-05-18,754.2999877929688,704.1754
2022-05-19,721.2999877929688,702.2706
2022-05-20,739.5999755859375,699.15576
2022-05-23,729.7000122070312,697.3569
2022-05-24,715.1500244140625,695.5214
2022-05-25,716.2000122070312,692.8748
2022-05-26,722.25,690.23737
2022-05-27,725.4500122070312,688.2546
2022-05-30,750.1500244140625,686.9796
2022-05-31,759.75,688.00995
2022-06-01,761.0999755859375,690.6975
2022-06-02,758.25,694.1052
2022-06-03,753.9000244140625,697.4239
2022-06-06,763.6500244140625,700.13416
2022-06-07,756.5999755859375,703.02985
2022-06-08,757.1500244140625,705.1529
2022-06-09,754.4000244140625,706.781
2022-06-10,756.5999755859375,707.77954
2022-06-13,735.9500122070312,708.52234
2022-06-14,735.8499755859375,707.5267
2022-06-15,737.75,705.85944
2022-06-16,724.9500122070312,704.07166
2022-06-17,711.6500244140625,701.394
2022-06-20,716.8499755859375,697.60065
2022-06-21,727.25,694.0108
2022-06-22,708.9500122070312,691.5258
2022-06-23,718.4500122070312,688.4034
2022-06-24,729.0,686.101
2022-06-27,729.4000244140625,685.1296
2022-06-28,736.8499755859375,684.9145
2022-06-29,720.0,685.71075
2022-06-30,706.3499755859375,685.69525
2022-07-01,719.5499877929688,684.41125
2022-07-04,730.1500244140625,683.64453
2022-07-05,729.0499877929688,683.86053
2022-07-06,749.9500122070312,684.4188
2022-07-07,754.8499755859375,686.69336
2022-07-08,761.4000244140625,689.875
2022-07-11,765.9000244140625,693.7351
2022-07-12,756.4500122070312,697.90936
2022-07-13,762.5499877929688,701.1673
2022-07-14,765.8499755859375,704.18536
2022-07-15,790.5499877929688,706.9699
2022-07-18,794.3499755859375,711.1201
2022-07-19,787.25,715.6543
2022-07-20,795.0,719.4654
2022-07-21,818.2999877929688,723.18195
2022-07-22,804.0499877929688,728.071
2022-07-25,807.9500122070312,731.90094
2022-07-26,790.8499755859375,735.25903
2022-07-27,801.5999755859375,736.81177
2022-07-28,806.5999755859375,738.17426
2022-07-29,811.6500244140625,739.5145
2022-08-01,811.0999755859375,741.0093
2022-08-02,811.5999755859375,742.3591
2022-08-03,812.75,743.55225
2022-08-04,789.25,744.62665
2022-08-05,784.7999877929688,743.8907
2022-08-08,788.7000122070312,742.1748
2022-08-10,790.5499877929688,740.36163
2022-08-11,773.4500122070312,738.71124
2022-08-12,763.4500122070312,736.06024
2022-08-16,779.5,732.5658
2022-08-17,793.5,730.13245
2022-08-18,807.8499755859375,729.28705
2022-08-19,786.9500122070312,730.25726
2022-08-22,793.9500122070312,730.5375
2022-08-23,809.3499755859375,731.17065
2022-08-24,805.7000122070312,732.9486
2022-08-25,801.8499755859375,734.7767
2022-08-26,801.9500122070312,736.2621
2022-08-29,806.1500244140625,737.4877
2022-08-30,809.6500244140625,738.754
2022-09-01,838.4000244140625,740.12585
2022-09-02,833.7000122070312,743.3917
2022-09-05,837.4500122070312,746.75714
2022-09-06,818.25,750.21387
2022-09-07,825.0999755859375,752.0654
2022-09-08,819.0999755859375,753.57104
2022-09-09,816.2999877929688,754.24756
2022-09-12,825.5,754.27704
2022-09-13,849.0,754.5996
2022-09-14,840.25,756.5414
2022-09-15,837.4000244140625,758.3304
2022-09-16,795.2000122070312,759.8054
2022-09-19,793.0,758.13794
2022-09-20,804.2000122070312,755.2177
2022-09-21,804.2000122070312,752.6072
2022-09-22,803.2000122070312,750.226
2022-09-23,781.5499877929688,748.0996
2022-09-26,780.8499755859375,744.8027
2022-09-27,797.8499755859375,741.3363
2022-09-28,793.6500244140625,739.25055
2022-09-29,792.5999755859375,737.61096
2022-09-30,802.8499755859375,736.3486
2022-10-03,777.9500122070312,736.14545
2022-10-04,785.1500244140625,734.6901
2022-10-06,794.2999877929688,733.47003
2022-10-07,780.9000244140625,733.03754
2022-10-10,757.1500244140625,732.03064
2022-10-11,742.5999755859375,729.274
2022-10-12,757.3499755859375,725.0044
2022-10-13,757.4000244140625,721.43964
2022-10-14,761.25,718.3783
2022-10-17,763.1500244140625,716.1346
2022-10-18,774.3499755859375,714.6409
2022-10-19,764.5499877929688,714.4891
2022-10-20,770.7000122070312,714.28406
2022-10-21,761.6500244140625,714.6383
2022-10-24,770.9500122070312,714.56213
2022-10-25,766.9500122070312,715.0298
2022-10-27,770.0499877929688,715.3683
2022-10-28,761.3499755859375,715.8794
2022-10-31,770.1500244140625,715.7859
2022-11-01,774.8499755859375,716.09503
2022-11-02,768.0499877929688,716.8341
2022-11-03,762.75,717.21216
2022-11-04,764.2999877929688,717.0601
2022-11-07,772.1500244140625,716.7938
2022-11-09,770.1500244140625,717.0243
2022-11-10,768.7000122070312,717.27655
2022-11-11,773.2000122070312,717.44293
2022-11-14,767.75,717.8877
2022-11-15,772.75,718.0072
2022-11-16,769.5499877929688,718.35736
2022-11-17,786.0,718.5176
2022-11-18,775.7000122070312,719.77124
2022-11-21,770.9500122070312,720.60236
2022-11-22,771.2999877929688,720.9163
2022-11-23,770.1500244140625,720.9938
2022-11-24,792.75,720.83887
2022-11-25,789.1500244140625,722.18713
2022-11-28,804.2999877929688,723.7376
2022-11-29,805.0499877929688,726.3955
2022-11-30,818.0499877929688,729.3224
2022-12-01,813.2000122070312,733.0587
2022-12-02,795.5499877929688,736.4325
2022-12-05,800.5,738.14386
2022-12-06,797.6500244140625,739.3392
2022-12-07,799.3499755859375,739.86975
2022-12-08,804.2000122070312,740.1263
2022-12-09,803.2999877929688,740.5171
2022-12-12,810.0499877929688,740.8222
2022-12-13,807.5999755859375,741.5332
2022-12-14,815.4500122070312,742.1565
2022-12-15,804.9000244140625,743.25433
2022-12-16,801.5499877929688,743.6952
2022-12-19,808.8499755859375,743.62897
2022-12-20,808.2999877929688,743.8283
2022-12-21,802.5999755859375,744.02563
2022-12-22,798.6500244140625,743.8153
2022-12-23,779.0,743.18915
2022-12-26,775.2999877929688,741.05475
2022-12-27,777.8499755859375,738.2236
2022-12-28,780.1500244140625,735.4435
2022-12-29,776.0999755859375,733.0427
2022-12-30,766.9500122070312,730.7399
2023-01-02,762.2999877929688,728.08777
2023-01-03,767.1500244140625,725.2401
2023-01-04,762.25,722.9174
2023-01-05,763.8499755859375,720.6757
2023-01-06,761.3499755859375,718.8448
2023-01-09,766.9500122070312,717.2053
2023-01-10,769.25,716.2483
2023-01-11,759.2999877929688,715.8616
2023-01-12,754.25,715.09674
2023-01-13,752.9000244140625,713.9455
2023-01-16,747.25,712.6347
2023-01-17,750.0499877929688,710.9483
2023-01-18,750.5,709.45795
2023-01-19,738.5,708.2007
2023-01-20,738.4500122070312,706.3071
2023-01-23,742.4500122070312,704.35065
2023-01-24,740.9000244140625,702.80963
2023-01-25,740.0499877929688,701.4722
2023-01-27,735.25,700.32324
2023-01-30,735.6500244140625,699.0409
2023-01-31,729.5,697.87836
2023-02-01,740.7999877929688,696.42645
2023-02-02,737.1500244140625,695.833
2023-02-03,726.5999755859375,695.37823
2023-02-06,729.75,694.316
2023-02-07,728.2000122070312,693.3553
2023-02-08,724.4000244140625,692.3784
2023-02-09,721.9500122070312,691.21204
2023-02-10,726.5999755859375,689.8995
2023-02-13,717.7999877929688,688.98395
2023-02-14,721.0,687.66644
2023-02-15,728.0999755859375,686.57166
2023-02-16,732.5999755859375,686.1827
2023-02-17,726.25,686.4816
2023-02-20,721.7999877929688,686.6336
2023-02-21,726.2000122070312,686.4411
2023-02-22,721.4500122070312,686.4462
2023-02-23,716.0999755859375,686.1587
2023-02-24,716.1500244140625,685.38776
2023-02-27,710.2999877929688,684.4692
2023-02-28,715.2999877929688,683.1034
2023-03-01,715.25,682.0327
2023-03-02,707.3499755859375,681.1551
2023-03-03,709.8499755859375,679.87524
2023-03-06,713.5999755859375,678.7514
2023-03-08,720.5,678.05963
2023-03-09,709.25,678.1454
2023-03-10,704.4000244140625,677.75507
2023-03-13,694.1500244140625,676.89954
2023-03-14,693.2999877929688,675.1353
2023-03-15,687.5499877929688,673.0447
2023-03-16,694.0,670.5086
2023-03-17,706.2000122070312,668.47296
2023-03-20,702.5999755859375,667.7366
2023-03-21,700.9000244140625,667.40326
2023-03-22,710.9000244140625,667.2553
2023-03-23,707.1500244140625,668.005
2023-03-24,702.3499755859375,668.8143
2023-03-27,699.3499755859375,669.2795
2023-03-28,696.0499877929688,669.3405
2023-03-29,697.5499877929688,668.94824
2023-03-31,708.8499755859375,668.4754
2023-04-03,717.0499877929688,668.8257
2023-04-05,727.4000244140625,670.1048
2023-04-06,730.5,672.4965
2023-04-10,720.6500244140625,675.44226
2023-04-11,717.2999877929688,677.6925
2023-04-12,718.4000244140625,679.2243
2023-04-13,719.5999755859375,680.3318
2023-04-17,713.2000122070312,681.1723
2023-04-18,707.0499877929688,681.2935
2023-04-19,700.8499755859375,680.60516
2023-04-20,703.4000244140625,679.11145
2023-04-21,700.4000244140625,677.53296
2023-04-24,732.5499877929688,675.7732
2023-04-25,734.4500122070312,676.49164
2023-04-26,746.7000122070312,678.3374
2023-04-27,754.0,681.575
2023-04-28,763.8499755859375,685.7386
2023-05-02,779.5999755859375,690.71906
2023-05-03,781.4000244140625,696.77356
2023-05-04,775.5,702.8571
2023-05-05,776.25,707.9863
2023-05-08,788.9000244140625,712.2592
2023-05-09,789.0,716.57135
2023-05-10,791.1500244140625,720.37775
2023-05-11,789.4500122070312,723.7193
2023-05-12,789.0499877929688,726.35986
2023-05-15,786.9500122070312,728.36505
2023-05-16,786.25,729.6889
2023-05-17,778.25,730.4835
2023-05-18,776.2999877929688,730.3453
2023-05-19,765.4500122070312,729.6433
2023-05-22,766.0999755859375,727.9237
2023-05-23,770.0499877929688,725.9401
2023-05-24,771.1500244140625,724.234
2023-05-25,780.2999877929688,722.8507
2023-05-26,789.7000122070312,722.40576
2023-05-29,794.25,723.08984
2023-05-30,790.9000244140625,724.5702
2023-05-31,798.6500244140625,726.0914
2023-06-01,793.6500244140625,728.1037
2023-06-02,796.0499877929688,729.77673
2023-06-05,792.4500122070312,731.3504
2023-06-06,792.0999755859375,732.4513
2023-06-07,823.0999755859375,733.21075
2023-06-08,807.0999755859375,735.8882
2023-06-09,801.0,737.9117
2023-06-12,800.75,739.17645
2023-06-13,819.9000244140625,739.9663
2023-06-14,862.5,741.7512
2023-06-15,865.0,746.63947
2023-06-16,862.75,752.47534
2023-06-19,857.0,758.15643
2023-06-20,858.9000244140625,762.9062
2023-06-21,860.1500244140625,766.92664
2023-06-22,841.9000244140625,770.2483
2023-06-23,840.8499755859375,771.6505
2023-06-26,862.5499877929688,772.01874
2023-06-27,854.2000122070312,773.22986
2023-06-28,854.9500122070312,773.95807
2023-06-30,860.9000244140625,774.5107
2023-07-03,858.8499755859375,775.3029
2023-07-04,855.5499877929688,775.9436
2023-07-05,845.9000244140625,776.25073
2023-07-06,845.0499877929688,775.7426
2023-07-07,833.25,774.8842
2023-07-10,825.6500244140625,773.1143
2023-07-11,840.2999877929688,770.61316
2023-07-12,843.25,768.9851
2023-07-13,837.3499755859375,767.98663
2023-07-14,851.5,766.9917
2023-07-17,852.5999755859375,767.1174
2023-07-18,858.7000122070312,767.7571
2023-07-19,860.4500122070312,769.0319
2023-07-20,873.0999755859375,770.6001
2023-07-21,852.3499755859375,773.0251
2023-07-24,863.0999755859375,774.18256
2023-07-25,868.5499877929688,775.52075
2023-07-26,873.9000244140625,777.0682
2023-07-27,850.0499877929688,778.8816
2023-07-28,859.3499755859375,779.0431
2023-07-31,859.2999877929688,779.1934
2023-08-01,856.75,779.1942
2023-08-02,843.0499877929688,778.9363
2023-08-03,835.4000244140625,777.67554
2023-08-04,834.7999877929688,775.6197
2023-08-07,837.7999877929688,773.3378
2023-08-08,847.4500122070312,771.31757
2023-08-09,860.2000122070312,770.21735
2023-08-10,850.5499877929688,770.4576
2023-08-11,836.9000244140625,770.6256
2023-08-14,844.7000122070312,769.9561
2023-08-16,840.7000122070312,769.576
2023-08-17,844.25,769.01794
2023-08-18,842.5499877929688,768.696
2023-08-21,848.5,768.375
2023-08-22,848.7999877929688,768.5044
2023-08-23,844.5499877929688,768.8213
2023-08-24,844.2000122070312,768.92993
2023-08-25,832.5499877929688,768.9464
2023-08-28,841.7999877929688,768.13025
2023-08-29,838.25,767.6858
2023-08-30,848.3499755859375,767.1257
2023-08-31,834.3499755859375,767.2725
2023-09-01,844.1500244140625,766.7328
2023-09-04,846.0499877929688,766.6951
2023-09-05,846.2999877929688,766.9447
2023-09-06,878.9000244140625,767.3274
2023-09-07,858.7000122070312,769.9365
2023-09-08,853.0999755859375,771.80444
2023-09-11,862.5999755859375,772.9935
2023-09-12,864.75,774.41174
2023-09-13,889.2999877929688,775.85297
2023-09-14,884.5499877929688,778.7801
2023-09-15,875.9000244140625,781.6545
2023-09-18,880.9500122070312,783.75146
2023-09-20,869.7000122070312,785.68384
2023-09-21,871.0,786.5539
2023-09-22,877.75,786.9854
2023-09-25,900.5999755859375,787.5547
2023-09-26,895.2000122070312,789.5487
2023-09-27,888.8499755859375,791.5146
2023-09-28,876.5,792.95996
2023-09-29,876.9000244140625,793.278
2023-10-03,871.9000244140625,793.125
2023-10-04,864.75,792.3836
2023-10-05,860.2000122070312,790.9665
2023-10-06,874.75,789.0781
2023-10-09,880.6500244140625,788.0891
2023-10-10,888.75,787.87683
2023-10-11,888.4000244140625,788.5702
2023-10-12,892.3499755859375,789.5877
2023-10-13,913.3499755859376,790.9669
2023-10-16,908.5999755859376,793.7414
2023-10-17,907.8499755859376,796.47546
2023-10-18,895.7000122070312,798.97266
2023-10-19,895.4000244140625,800.3618
2023-10-20,898.9500122070312,801.1575
2023-10-23,883.0999755859375,801.7829
2023-10-25,890.0,801.19073
2023-10-26,880.3499755859375,800.61786
2023-10-27,891.0999755859375,799.3844
2023-10-30,893.5499877929688,798.69904
2023-10-31,900.5,798.3898
2023-11-01,903.1500244140624,798.72986
2023-11-02,911.25,799.48474
2023-11-03,913.7000122070312,800.8935
2023-11-06,918.6500244140624,802.5995
2023-11-07,922.0499877929688,804.6115
2023-11-08,916.2999877929688,806.7752
2023-11-09,902.8499755859376,808.43243
2023-11-10,912.7000122070312,808.8948
2023-11-13,916.5499877929688,809.455
2023-11-15,929.5999755859376,810.12964
2023-11-16,920.0499877929688,811.5773
2023-11-17,930.8499755859376,812.5581
2023-11-20,930.8499755859376,814.0027
2023-11-21,927.7000122070312,815.4392
2023-11-22,928.25,816.5518
2023-11-23,933.0,817.46814
2023-11-24,926.9000244140624,818.4854
2023-11-28,931.8499755859376,819.0278
2023-11-29,933.5499877929688,819.6491
2023-11-30,940.75,820.30023
2023-12-01,942.8499755859376,821.3342
2023-12-04,946.6500244140624,822.52655
2023-12-05,950.0499877929688,823.9122
2023-12-06,951.7000122070312,825.44684
2023-12-07,956.9000244140624,826.99
2023-12-08,946.5999755859376,828.7036
2023-12-11,950.4500122070312,829.6677
2023-12-12,948.75,830.50934
2023-12-13,957.2999877929688,831.05566
2023-12-14,950.4500122070312,831.9329
2023-12-15,954.7000122070312,832.3858
2023-12-18,949.7000122070312,832.9152
2023-12-19,966.1500244140624,833.081
2023-12-20,976.2999877929688,834.09503
2023-12-21,979.2999877929688,835.8827
2023-12-22,992.7999877929688,837.9875
2023-12-26,1007.3499755859376,840.8568
2023-12-27,1026.75,844.5821
2023-12-28,1041.0,849.3949
2023-12-29,1086.800048828125,854.945
2024-01-01,1080.0999755859375,862.81525
2024-01-02,1097.75,870.242
2024-01-03,1084.949951171875,877.82446
2024-01-04,1125.550048828125,883.89124
2024-01-05,1122.949951171875,890.9564
2024-01-08,1104.949951171875,897.246
2024-01-09,1111.6500244140625,901.65216
2024-01-10,1113.949951171875,905.26404
2024-01-11,1119.25,908.16595
2024-01-12,1159.0,910.67346
2024-01-15,1150.800048828125,914.70825
2024-01-16,1143.699951171875,918.25574
2024-01-17,1138.5999755859375,920.9844
2024-01-18,1146.800048828125,922.8873
2024-01-19,1161.699951171875,924.6633
2024-01-23,1145.6500244140625,926.8472
2024-01-24,1159.0,928.0657
2024-01-25,1136.75,929.5366
2024-01-29,1141.050048828125,929.7433
2024-01-30,1122.9000244140625,929.75903
2024-01-31,1118.0,928.71106
2024-02-01,1129.6500244140625,927.1655
2024-02-02,1162.75,926.12476
2024-02-05,1150.75,926.93054
2024-02-06,1163.550048828125,927.6167
2024-02-07,1166.199951171875,928.97266
2024-02-08,1137.9000244140625,930.54016
2024-02-09,1129.25,930.6608
2024-02-12,1122.199951171875,929.94696
2024-02-13,1137.800048828125,928.6089
2024-02-14,1135.5999755859375,927.90967
2024-02-15,1131.4000244140625,927.2889
2024-02-16,1147.449951171875,926.57654
2024-02-19,1155.0,926.73236
2024-02-20,1154.4000244140625,927.5019
2024-02-21,1160.75,928.404
2024-02-22,1159.5,929.6257
2024-02-23,1160.300048828125,930.7732
2024-02-26,1177.0999755859375,931.8413
2024-02-27,1183.5999755859375,933.5886
2024-02-28,1167.949951171875,935.64215
2024-02-29,1190.050048828125,936.84247
2024-03-01,1201.0,938.76056
2024-03-04,1203.25,941.1307
2024-03-05,1200.5999755859375,943.4956
2024-03-06,1220.050048828125,945.5048
2024-03-07,1261.550048828125,948.1018
2024-03-11,1220.6500244140625,952.4402
2024-03-12,1215.199951171875,954.9097
2024-03-13,1178.949951171875,956.4662
2024-03-14,1198.3499755859375,955.8249
2024-03-15,1212.1500244140625,955.43274
2024-03-18,1186.949951171875,955.58466
2024-03-19,1151.449951171875,954.65405
